Geo_FIPS,Geo_GEOID,Geo_NAME,Geo_QName,Geo_STUSAB,Geo_SUMLEV,Geo_GEOCOMP,Geo_FILEID,Geo_LOGRECNO,Geo_US,Geo_REGION,Geo_DIVISION,Geo_STATECE,Geo_STATE,Geo_COUNTY,Geo_COUSUB,Geo_PLACE,Geo_PLACESE,Geo_TRACT,Geo_BLKGRP,Geo_CONCIT,Geo_AIANHH,Geo_AIANHHFP,Geo_AIHHTLI,Geo_AITSCE,Geo_AITS,Geo_ANRC,Geo_CBSA,Geo_CSA,Geo_METDIV,Geo_MACC,Geo_MEMI,Geo_NECTA,Geo_CNECTA,Geo_NECTADIV,Geo_UA,Geo_UACP,Geo_CDCURR,Geo_SLDU,Geo_SLDL,Geo_VTD,Geo_ZCTA3,Geo_ZCTA5,Geo_SUBMCD,Geo_SDELM,Geo_SDSEC,Geo_SDUNI,Geo_UR,Geo_PCI,Geo_TAZ,Geo_UGA,Geo_BTTR,Geo_BTBG,Geo_PUMA5,Geo_PUMA1,SE_T057_001,SE_T157_001
"29189210100","14000US29189210100","Census Tract 2101, St. Louis County, Missouri","Census Tract 2101, St. Louis County, Missouri","mo","140","00","ACSSF","0005332",,,,,"29","189",,,,"210100",,,,,,,,,,,,,,,,,,,,,,,,,,,,,,,,,,,,,37172,0.5018
"29189210200","14000US29189210200","Census Tract 2102, St. Louis County, Missouri","Census Tract 2102, St. Louis County, Missouri","mo","140","00","ACSSF","0005333",,,,,"29","189",,,,"210200",,,,,,,,,,,,,,,,,,,,,,,,,,,,,,,,,,,,,32388,0.3739
"29189210300","14000US29189210300","Census Tract 2103, St. Louis County, Missouri","Census Tract 2103, St. Louis County, Missouri","mo","140","00","ACSSF","0005334",,,,,"29","189",,,,"210300",,,,,,,,,,,,,,,,,,,,,,,,,,,,,,,,,,,,,33947,0.4385
"29189210400","14000US29189210400","Census Tract 2104, St. Louis County, Missouri","Census Tract 2104, St. Louis County, Missouri","mo","140","00","ACSSF","0005335",,,,,"29","189",,,,"210400",,,,,,,,,,,,,,,,,,,,,,,,,,,,,,,,,,,,,40603,0.3709
"29189210501","14000US29189210501","Census Tract 2105.01, St. Louis County, Missouri","Census Tract 2105.01, St. Louis County, Missouri","mo","140","00","ACSSF","0005336",,,,,"29","189",,,,"210501",,,,,,,,,,,,,,,,,,,,,,,,,,,,,,,,,,,,,43029,0.3549
"29189210502","14000US29189210502","Census Tract 2105.02, St. Louis County, Missouri","Census Tract 2105.02, St. Louis County, Missouri","mo","140","00","ACSSF","0005337",,,,,"29","189",,,,"210502",,,,,,,,,,,,,,,,,,,,,,,,,,,,,,,,,,,,,33762,0.3843
"29189210600","14000US29189210600","Census Tract 2106, St. Louis County, Missouri","Census Tract 2106, St. Louis County, Missouri","mo","140","00","ACSSF","0005338",,,,,"29","189",,,,"210600",,,,,,,,,,,,,,,,,,,,,,,,,,,,,,,,,,,,,35952,0.4084
"29189210702","14000US29189210702","Census Tract 2107.02, St. Louis County, Missouri","Census Tract 2107.02, St. Louis County, Missouri","mo","140","00","ACSSF","0005339",,,,,"29","189",,,,"210702",,,,,,,,,,,,,,,,,,,,,,,,,,,,,,,,,,,,,43125,0.4146
"29189210703","14000US29189210703","Census Tract 2107.03, St. Louis County, Missouri","Census Tract 2107.03, St. Louis County, Missouri","mo","140","00","ACSSF","0005340",,,,,"29","189",,,,"210703",,,,,,,,,,,,,,,,,,,,,,,,,,,,,,,,,,,,,36591,0.4297
"29189210704","14000US29189210704","Census Tract 2107.04, St. Louis County, Missouri","Census Tract 2107.04, St. Louis County, Missouri","mo","140","00","ACSSF","0005341",,,,,"29","189",,,,"210704",,,,,,,,,,,,,,,,,,,,,,,,,,,,,,,,,,,,,31741,0.4157
"29189210803","14000US29189210803","Census Tract 2108.03, St. Louis County, Missouri","Census Tract 2108.03, St. Louis County, Missouri","mo","140","00","ACSSF","0005342",,,,,"29","189",,,,"210803",,,,,,,,,,,,,,,,,,,,,,,,,,,,,,,,,,,,,52275,0.4718
"29189210804","14000US29189210804","Census Tract 2108.04, St. Louis County, Missouri","Census Tract 2108.04, St. Louis County, Missouri","mo","140","00","ACSSF","0005343",,,,,"29","189",,,,"210804",,,,,,,,,,,,,,,,,,,,,,,,,,,,,,,,,,,,,59020,0.3621
"29189210805","14000US29189210805","Census Tract 2108.05, St. Louis County, Missouri","Census Tract 2108.05, St. Louis County, Missouri","mo","140","00","ACSSF","0005344",,,,,"29","189",,,,"210805",,,,,,,,,,,,,,,,,,,,,,,,,,,,,,,,,,,,,45462,0.331
"29189210806","14000US29189210806","Census Tract 2108.06, St. Louis County, Missouri","Census Tract 2108.06, St. Louis County, Missouri","mo","140","00","ACSSF","0005345",,,,,"29","189",,,,"210806",,,,,,,,,,,,,,,,,,,,,,,,,,,,,,,,,,,,,51759,0.3768
"29189210912","14000US29189210912","Census Tract 2109.12, St. Louis County, Missouri","Census Tract 2109.12, St. Louis County, Missouri","mo","140","00","ACSSF","0005346",,,,,"29","189",,,,"210912",,,,,,,,,,,,,,,,,,,,,,,,,,,,,,,,,,,,,79808,0.3627
"29189210921","14000US29189210921","Census Tract 2109.21, St. Louis County, Missouri","Census Tract 2109.21, St. Louis County, Missouri","mo","140","00","ACSSF","0005347",,,,,"29","189",,,,"210921",,,,,,,,,,,,,,,,,,,,,,,,,,,,,,,,,,,,,67457,0.3299
"29189210923","14000US29189210923","Census Tract 2109.23, St. Louis County, Missouri","Census Tract 2109.23, St. Louis County, Missouri","mo","140","00","ACSSF","0005348",,,,,"29","189",,,,"210923",,,,,,,,,,,,,,,,,,,,,,,,,,,,,,,,,,,,,60893,0.3336
"29189210924","14000US29189210924","Census Tract 2109.24, St. Louis County, Missouri","Census Tract 2109.24, St. Louis County, Missouri","mo","140","00","ACSSF","0005349",,,,,"29","189",,,,"210924",,,,,,,,,,,,,,,,,,,,,,,,,,,,,,,,,,,,,67601,0.3492
"29189210925","14000US29189210925","Census Tract 2109.25, St. Louis County, Missouri","Census Tract 2109.25, St. Louis County, Missouri","mo","140","00","ACSSF","0005350",,,,,"29","189",,,,"210925",,,,,,,,,,,,,,,,,,,,,,,,,,,,,,,,,,,,,55581,0.3142
"29189210926","14000US29189210926","Census Tract 2109.26, St. Louis County, Missouri","Census Tract 2109.26, St. Louis County, Missouri","mo","140","00","ACSSF","0005351",,,,,"29","189",,,,"210926",,,,,,,,,,,,,,,,,,,,,,,,,,,,,,,,,,,,,71591,0.3269
"29189210927","14000US29189210927","Census Tract 2109.27, St. Louis County, Missouri","Census Tract 2109.27, St. Louis County, Missouri","mo","140","00","ACSSF","0005352",,,,,"29","189",,,,"210927",,,,,,,,,,,,,,,,,,,,,,,,,,,,,,,,,,,,,100446,0.3708
"29189210928","14000US29189210928","Census Tract 2109.28, St. Louis County, Missouri","Census Tract 2109.28, St. Louis County, Missouri","mo","140","00","ACSSF","0005353",,,,,"29","189",,,,"210928",,,,,,,,,,,,,,,,,,,,,,,,,,,,,,,,,,,,,79271,0.3637
"29189211000","14000US29189211000","Census Tract 2110, St. Louis County, Missouri","Census Tract 2110, St. Louis County, Missouri","mo","140","00","ACSSF","0005354",,,,,"29","189",,,,"211000",,,,,,,,,,,,,,,,,,,,,,,,,,,,,,,,,,,,,51872,0.3249
"29189211101","14000US29189211101","Census Tract 2111.01, St. Louis County, Missouri","Census Tract 2111.01, St. Louis County, Missouri","mo","140","00","ACSSF","0005355",,,,,"29","189",,,,"211101",,,,,,,,,,,,,,,,,,,,,,,,,,,,,,,,,,,,,47381,0.3601
"29189211102","14000US29189211102","Census Tract 2111.02, St. Louis County, Missouri","Census Tract 2111.02, St. Louis County, Missouri","mo","140","00","ACSSF","0005356",,,,,"29","189",,,,"211102",,,,,,,,,,,,,,,,,,,,,,,,,,,,,,,,,,,,,39537,0.4035
"29189211201","14000US29189211201","Census Tract 2112.01, St. Louis County, Missouri","Census Tract 2112.01, St. Louis County, Missouri","mo","140","00","ACSSF","0005357",,,,,"29","189",,,,"211201",,,,,,,,,,,,,,,,,,,,,,,,,,,,,,,,,,,,,39333,0.489
"29189211202","14000US29189211202","Census Tract 2112.02, St. Louis County, Missouri","Census Tract 2112.02, St. Louis County, Missouri","mo","140","00","ACSSF","0005358",,,,,"29","189",,,,"211202",,,,,,,,,,,,,,,,,,,,,,,,,,,,,,,,,,,,,54375,0.3893
"29189211301","14000US29189211301","Census Tract 2113.01, St. Louis County, Missouri","Census Tract 2113.01, St. Louis County, Missouri","mo","140","00","ACSSF","0005359",,,,,"29","189",,,,"211301",,,,,,,,,,,,,,,,,,,,,,,,,,,,,,,,,,,,,51932,0.3548
"29189211331","14000US29189211331","Census Tract 2113.31, St. Louis County, Missouri","Census Tract 2113.31, St. Louis County, Missouri","mo","140","00","ACSSF","0005360",,,,,"29","189",,,,"211331",,,,,,,,,,,,,,,,,,,,,,,,,,,,,,,,,,,,,53992,0.3826
"29189211332","14000US29189211332","Census Tract 2113.32, St. Louis County, Missouri","Census Tract 2113.32, St. Louis County, Missouri","mo","140","00","ACSSF","0005361",,,,,"29","189",,,,"211332",,,,,,,,,,,,,,,,,,,,,,,,,,,,,,,,,,,,,58107,0.3617
"29189211333","14000US29189211333","Census Tract 2113.33, St. Louis County, Missouri","Census Tract 2113.33, St. Louis County, Missouri","mo","140","00","ACSSF","0005362",,,,,"29","189",,,,"211333",,,,,,,,,,,,,,,,,,,,,,,,,,,,,,,,,,,,,56884,0.4286
"29189211334","14000US29189211334","Census Tract 2113.34, St. Louis County, Missouri","Census Tract 2113.34, St. Louis County, Missouri","mo","140","00","ACSSF","0005363",,,,,"29","189",,,,"211334",,,,,,,,,,,,,,,,,,,,,,,,,,,,,,,,,,,,,50417,0.3833
"29189211401","14000US29189211401","Census Tract 2114.01, St. Louis County, Missouri","Census Tract 2114.01, St. Louis County, Missouri","mo","140","00","ACSSF","0005364",,,,,"29","189",,,,"211401",,,,,,,,,,,,,,,,,,,,,,,,,,,,,,,,,,,,,44408,0.3922
"29189211402","14000US29189211402","Census Tract 2114.02, St. Louis County, Missouri","Census Tract 2114.02, St. Louis County, Missouri","mo","140","00","ACSSF","0005365",,,,,"29","189",,,,"211402",,,,,,,,,,,,,,,,,,,,,,,,,,,,,,,,,,,,,39767,0.3839
"29189211500","14000US29189211500","Census Tract 2115, St. Louis County, Missouri","Census Tract 2115, St. Louis County, Missouri","mo","140","00","ACSSF","0005366",,,,,"29","189",,,,"211500",,,,,,,,,,,,,,,,,,,,,,,,,,,,,,,,,,,,,37794,0.3614
"29189211600","14000US29189211600","Census Tract 2116, St. Louis County, Missouri","Census Tract 2116, St. Louis County, Missouri","mo","140","00","ACSSF","0005367",,,,,"29","189",,,,"211600",,,,,,,,,,,,,,,,,,,,,,,,,,,,,,,,,,,,,40143,0.504
"29189211700","14000US29189211700","Census Tract 2117, St. Louis County, Missouri","Census Tract 2117, St. Louis County, Missouri","mo","140","00","ACSSF","0005368",,,,,"29","189",,,,"211700",,,,,,,,,,,,,,,,,,,,,,,,,,,,,,,,,,,,,62143,0.3333
"29189211801","14000US29189211801","Census Tract 2118.01, St. Louis County, Missouri","Census Tract 2118.01, St. Louis County, Missouri","mo","140","00","ACSSF","0005369",,,,,"29","189",,,,"211801",,,,,,,,,,,,,,,,,,,,,,,,,,,,,,,,,,,,,35969,0.4455
"29189211802","14000US29189211802","Census Tract 2118.02, St. Louis County, Missouri","Census Tract 2118.02, St. Louis County, Missouri","mo","140","00","ACSSF","0005370",,,,,"29","189",,,,"211802",,,,,,,,,,,,,,,,,,,,,,,,,,,,,,,,,,,,,36239,0.3525
"29189211900","14000US29189211900","Census Tract 2119, St. Louis County, Missouri","Census Tract 2119, St. Louis County, Missouri","mo","140","00","ACSSF","0005371",,,,,"29","189",,,,"211900",,,,,,,,,,,,,,,,,,,,,,,,,,,,,,,,,,,,,24844,0.4682
"29189212001","14000US29189212001","Census Tract 2120.01, St. Louis County, Missouri","Census Tract 2120.01, St. Louis County, Missouri","mo","140","00","ACSSF","0005372",,,,,"29","189",,,,"212001",,,,,,,,,,,,,,,,,,,,,,,,,,,,,,,,,,,,,32154,0.3962
"29189212002","14000US29189212002","Census Tract 2120.02, St. Louis County, Missouri","Census Tract 2120.02, St. Louis County, Missouri","mo","140","00","ACSSF","0005373",,,,,"29","189",,,,"212002",,,,,,,,,,,,,,,,,,,,,,,,,,,,,,,,,,,,,25702,0.5153
"29189212101","14000US29189212101","Census Tract 2121.01, St. Louis County, Missouri","Census Tract 2121.01, St. Louis County, Missouri","mo","140","00","ACSSF","0005374",,,,,"29","189",,,,"212101",,,,,,,,,,,,,,,,,,,,,,,,,,,,,,,,,,,,,28408,0.3923
"29189212102","14000US29189212102","Census Tract 2121.02, St. Louis County, Missouri","Census Tract 2121.02, St. Louis County, Missouri","mo","140","00","ACSSF","0005375",,,,,"29","189",,,,"212102",,,,,,,,,,,,,,,,,,,,,,,,,,,,,,,,,,,,,34917,0.3672
"29189212200","14000US29189212200","Census Tract 2122, St. Louis County, Missouri","Census Tract 2122, St. Louis County, Missouri","mo","140","00","ACSSF","0005376",,,,,"29","189",,,,"212200",,,,,,,,,,,,,,,,,,,,,,,,,,,,,,,,,,,,,30534,0.3934
"29189212300","14000US29189212300","Census Tract 2123, St. Louis County, Missouri","Census Tract 2123, St. Louis County, Missouri","mo","140","00","ACSSF","0005377",,,,,"29","189",,,,"212300",,,,,,,,,,,,,,,,,,,,,,,,,,,,,,,,,,,,,33682,0.4552
"29189212400","14000US29189212400","Census Tract 2124, St. Louis County, Missouri","Census Tract 2124, St. Louis County, Missouri","mo","140","00","ACSSF","0005378",,,,,"29","189",,,,"212400",,,,,,,,,,,,,,,,,,,,,,,,,,,,,,,,,,,,,39344,0.4836
"29189212500","14000US29189212500","Census Tract 2125, St. Louis County, Missouri","Census Tract 2125, St. Louis County, Missouri","mo","140","00","ACSSF","0005379",,,,,"29","189",,,,"212500",,,,,,,,,,,,,,,,,,,,,,,,,,,,,,,,,,,,,40434,0.4237
"29189212600","14000US29189212600","Census Tract 2126, St. Louis County, Missouri","Census Tract 2126, St. Louis County, Missouri","mo","140","00","ACSSF","0005380",,,,,"29","189",,,,"212600",,,,,,,,,,,,,,,,,,,,,,,,,,,,,,,,,,,,,47651,0.4006
"29189212700","14000US29189212700","Census Tract 2127, St. Louis County, Missouri","Census Tract 2127, St. Louis County, Missouri","mo","140","00","ACSSF","0005381",,,,,"29","189",,,,"212700",,,,,,,,,,,,,,,,,,,,,,,,,,,,,,,,,,,,,40561,0.3695
"29189213101","14000US29189213101","Census Tract 2131.01, St. Louis County, Missouri","Census Tract 2131.01, St. Louis County, Missouri","mo","140","00","ACSSF","0005382",,,,,"29","189",,,,"213101",,,,,,,,,,,,,,,,,,,,,,,,,,,,,,,,,,,,,43841,0.4224
"29189213102","14000US29189213102","Census Tract 2131.02, St. Louis County, Missouri","Census Tract 2131.02, St. Louis County, Missouri","mo","140","00","ACSSF","0005383",,,,,"29","189",,,,"213102",,,,,,,,,,,,,,,,,,,,,,,,,,,,,,,,,,,,,21406,0.5897
"29189213202","14000US29189213202","Census Tract 2132.02, St. Louis County, Missouri","Census Tract 2132.02, St. Louis County, Missouri","mo","140","00","ACSSF","0005384",,,,,"29","189",,,,"213202",,,,,,,,,,,,,,,,,,,,,,,,,,,,,,,,,,,,,60202,0.4197
"29189213203","14000US29189213203","Census Tract 2132.03, St. Louis County, Missouri","Census Tract 2132.03, St. Louis County, Missouri","mo","140","00","ACSSF","0005385",,,,,"29","189",,,,"213203",,,,,,,,,,,,,,,,,,,,,,,,,,,,,,,,,,,,,66216,0.3697
"29189213204","14000US29189213204","Census Tract 2132.04, St. Louis County, Missouri","Census Tract 2132.04, St. Louis County, Missouri","mo","140","00","ACSSF","0005386",,,,,"29","189",,,,"213204",,,,,,,,,,,,,,,,,,,,,,,,,,,,,,,,,,,,,52557,0.4128
"29189213300","14000US29189213300","Census Tract 2133, St. Louis County, Missouri","Census Tract 2133, St. Louis County, Missouri","mo","140","00","ACSSF","0005387",,,,,"29","189",,,,"213300",,,,,,,,,,,,,,,,,,,,,,,,,,,,,,,,,,,,,32618,0.5057
"29189213400","14000US29189213400","Census Tract 2134, St. Louis County, Missouri","Census Tract 2134, St. Louis County, Missouri","mo","140","00","ACSSF","0005388",,,,,"29","189",,,,"213400",,,,,,,,,,,,,,,,,,,,,,,,,,,,,,,,,,,,,38011,0.3523
"29189213500","14000US29189213500","Census Tract 2135, St. Louis County, Missouri","Census Tract 2135, St. Louis County, Missouri","mo","140","00","ACSSF","0005389",,,,,"29","189",,,,"213500",,,,,,,,,,,,,,,,,,,,,,,,,,,,,,,,,,,,,40363,0.4133
"29189213600","14000US29189213600","Census Tract 2136, St. Louis County, Missouri","Census Tract 2136, St. Louis County, Missouri","mo","140","00","ACSSF","0005390",,,,,"29","189",,,,"213600",,,,,,,,,,,,,,,,,,,,,,,,,,,,,,,,,,,,,28986,0.4189
"29189213700","14000US29189213700","Census Tract 2137, St. Louis County, Missouri","Census Tract 2137, St. Louis County, Missouri","mo","140","00","ACSSF","0005391",,,,,"29","189",,,,"213700",,,,,,,,,,,,,,,,,,,,,,,,,,,,,,,,,,,,,37438,0.5305
"29189213800","14000US29189213800","Census Tract 2138, St. Louis County, Missouri","Census Tract 2138, St. Louis County, Missouri","mo","140","00","ACSSF","0005392",,,,,"29","189",,,,"213800",,,,,,,,,,,,,,,,,,,,,,,,,,,,,,,,,,,,,32450,0.409
"29189213900","14000US29189213900","Census Tract 2139, St. Louis County, Missouri","Census Tract 2139, St. Louis County, Missouri","mo","140","00","ACSSF","0005393",,,,,"29","189",,,,"213900",,,,,,,,,,,,,,,,,,,,,,,,,,,,,,,,,,,,,17393,0.4975
"29189214100","14000US29189214100","Census Tract 2141, St. Louis County, Missouri","Census Tract 2141, St. Louis County, Missouri","mo","140","00","ACSSF","0005394",,,,,"29","189",,,,"214100",,,,,,,,,,,,,,,,,,,,,,,,,,,,,,,,,,,,,27157,0.375
"29189214200","14000US29189214200","Census Tract 2142, St. Louis County, Missouri","Census Tract 2142, St. Louis County, Missouri","mo","140","00","ACSSF","0005395",,,,,"29","189",,,,"214200",,,,,,,,,,,,,,,,,,,,,,,,,,,,,,,,,,,,,28450,0.4468
"29189214300","14000US29189214300","Census Tract 2143, St. Louis County, Missouri","Census Tract 2143, St. Louis County, Missouri","mo","140","00","ACSSF","0005396",,,,,"29","189",,,,"214300",,,,,,,,,,,,,,,,,,,,,,,,,,,,,,,,,,,,,32398,0.4335
"29189214400","14000US29189214400","Census Tract 2144, St. Louis County, Missouri","Census Tract 2144, St. Louis County, Missouri","mo","140","00","ACSSF","0005397",,,,,"29","189",,,,"214400",,,,,,,,,,,,,,,,,,,,,,,,,,,,,,,,,,,,,48995,0.3711
"29189214500","14000US29189214500","Census Tract 2145, St. Louis County, Missouri","Census Tract 2145, St. Louis County, Missouri","mo","140","00","ACSSF","0005398",,,,,"29","189",,,,"214500",,,,,,,,,,,,,,,,,,,,,,,,,,,,,,,,,,,,,44238,0.4363
"29189214601","14000US29189214601","Census Tract 2146.01, St. Louis County, Missouri","Census Tract 2146.01, St. Louis County, Missouri","mo","140","00","ACSSF","0005399",,,,,"29","189",,,,"214601",,,,,,,,,,,,,,,,,,,,,,,,,,,,,,,,,,,,,44330,0.3638
"29189214602","14000US29189214602","Census Tract 2146.02, St. Louis County, Missouri","Census Tract 2146.02, St. Louis County, Missouri","mo","140","00","ACSSF","0005400",,,,,"29","189",,,,"214602",,,,,,,,,,,,,,,,,,,,,,,,,,,,,,,,,,,,,40259,0.3799
"29189214700","14000US29189214700","Census Tract 2147, St. Louis County, Missouri","Census Tract 2147, St. Louis County, Missouri","mo","140","00","ACSSF","0005401",,,,,"29","189",,,,"214700",,,,,,,,,,,,,,,,,,,,,,,,,,,,,,,,,,,,,43864,0.418
"29189214800","14000US29189214800","Census Tract 2148, St. Louis County, Missouri","Census Tract 2148, St. Louis County, Missouri","mo","140","00","ACSSF","0005402",,,,,"29","189",,,,"214800",,,,,,,,,,,,,,,,,,,,,,,,,,,,,,,,,,,,,39871,0.4778
"29189214900","14000US29189214900","Census Tract 2149, St. Louis County, Missouri","Census Tract 2149, St. Louis County, Missouri","mo","140","00","ACSSF","0005403",,,,,"29","189",,,,"214900",,,,,,,,,,,,,,,,,,,,,,,,,,,,,,,,,,,,,43026,0.3638
"29189215001","14000US29189215001","Census Tract 2150.01, St. Louis County, Missouri","Census Tract 2150.01, St. Louis County, Missouri","mo","140","00","ACSSF","0005404",,,,,"29","189",,,,"215001",,,,,,,,,,,,,,,,,,,,,,,,,,,,,,,,,,,,,58000,0.3241
"29189215003","14000US29189215003","Census Tract 2150.03, St. Louis County, Missouri","Census Tract 2150.03, St. Louis County, Missouri","mo","140","00","ACSSF","0005405",,,,,"29","189",,,,"215003",,,,,,,,,,,,,,,,,,,,,,,,,,,,,,,,,,,,,78628,0.3815
"29189215004","14000US29189215004","Census Tract 2150.04, St. Louis County, Missouri","Census Tract 2150.04, St. Louis County, Missouri","mo","140","00","ACSSF","0005406",,,,,"29","189",,,,"215004",,,,,,,,,,,,,,,,,,,,,,,,,,,,,,,,,,,,,43688,0.4547
"29189215005","14000US29189215005","Census Tract 2150.05, St. Louis County, Missouri","Census Tract 2150.05, St. Louis County, Missouri","mo","140","00","ACSSF","0005407",,,,,"29","189",,,,"215005",,,,,,,,,,,,,,,,,,,,,,,,,,,,,,,,,,,,,71641,0.4218
"29189215102","14000US29189215102","Census Tract 2151.02, St. Louis County, Missouri","Census Tract 2151.02, St. Louis County, Missouri","mo","140","00","ACSSF","0005408",,,,,"29","189",,,,"215102",,,,,,,,,,,,,,,,,,,,,,,,,,,,,,,,,,,,,66771,0.4548
"29189215103","14000US29189215103","Census Tract 2151.03, St. Louis County, Missouri","Census Tract 2151.03, St. Louis County, Missouri","mo","140","00","ACSSF","0005409",,,,,"29","189",,,,"215103",,,,,,,,,,,,,,,,,,,,,,,,,,,,,,,,,,,,,93333,0.3364
"29189215105","14000US29189215105","Census Tract 2151.05, St. Louis County, Missouri","Census Tract 2151.05, St. Louis County, Missouri","mo","140","00","ACSSF","0005410",,,,,"29","189",,,,"215105",,,,,,,,,,,,,,,,,,,,,,,,,,,,,,,,,,,,,56429,0.4608
"29189215141","14000US29189215141","Census Tract 2151.41, St. Louis County, Missouri","Census Tract 2151.41, St. Louis County, Missouri","mo","140","00","ACSSF","0005411",,,,,"29","189",,,,"215141",,,,,,,,,,,,,,,,,,,,,,,,,,,,,,,,,,,,,98160,0.3761
"29189215142","14000US29189215142","Census Tract 2151.42, St. Louis County, Missouri","Census Tract 2151.42, St. Louis County, Missouri","mo","140","00","ACSSF","0005412",,,,,"29","189",,,,"215142",,,,,,,,,,,,,,,,,,,,,,,,,,,,,,,,,,,,,53699,0.4042
"29189215143","14000US29189215143","Census Tract 2151.43, St. Louis County, Missouri","Census Tract 2151.43, St. Louis County, Missouri","mo","140","00","ACSSF","0005413",,,,,"29","189",,,,"215143",,,,,,,,,,,,,,,,,,,,,,,,,,,,,,,,,,,,,72969,0.3081
"29189215144","14000US29189215144","Census Tract 2151.44, St. Louis County, Missouri","Census Tract 2151.44, St. Louis County, Missouri","mo","140","00","ACSSF","0005414",,,,,"29","189",,,,"215144",,,,,,,,,,,,,,,,,,,,,,,,,,,,,,,,,,,,,73496,0.3553
"29189215201","14000US29189215201","Census Tract 2152.01, St. Louis County, Missouri","Census Tract 2152.01, St. Louis County, Missouri","mo","140","00","ACSSF","0005415",,,,,"29","189",,,,"215201",,,,,,,,,,,,,,,,,,,,,,,,,,,,,,,,,,,,,107026,0.5197
"29189215202","14000US29189215202","Census Tract 2152.02, St. Louis County, Missouri","Census Tract 2152.02, St. Louis County, Missouri","mo","140","00","ACSSF","0005416",,,,,"29","189",,,,"215202",,,,,,,,,,,,,,,,,,,,,,,,,,,,,,,,,,,,,101815,0.4821
"29189215231","14000US29189215231","Census Tract 2152.31, St. Louis County, Missouri","Census Tract 2152.31, St. Louis County, Missouri","mo","140","00","ACSSF","0005417",,,,,"29","189",,,,"215231",,,,,,,,,,,,,,,,,,,,,,,,,,,,,,,,,,,,,90547,0.4223
"29189215232","14000US29189215232","Census Tract 2152.32, St. Louis County, Missouri","Census Tract 2152.32, St. Louis County, Missouri","mo","140","00","ACSSF","0005418",,,,,"29","189",,,,"215232",,,,,,,,,,,,,,,,,,,,,,,,,,,,,,,,,,,,,99432,0.4444
"29189215301","14000US29189215301","Census Tract 2153.01, St. Louis County, Missouri","Census Tract 2153.01, St. Louis County, Missouri","mo","140","00","ACSSF","0005419",,,,,"29","189",,,,"215301",,,,,,,,,,,,,,,,,,,,,,,,,,,,,,,,,,,,,92216,0.524
"29189215302","14000US29189215302","Census Tract 2153.02, St. Louis County, Missouri","Census Tract 2153.02, St. Louis County, Missouri","mo","140","00","ACSSF","0005420",,,,,"29","189",,,,"215302",,,,,,,,,,,,,,,,,,,,,,,,,,,,,,,,,,,,,125625,0.5001
"29189215400","14000US29189215400","Census Tract 2154, St. Louis County, Missouri","Census Tract 2154, St. Louis County, Missouri","mo","140","00","ACSSF","0005421",,,,,"29","189",,,,"215400",,,,,,,,,,,,,,,,,,,,,,,,,,,,,,,,,,,,,185250,0.5095
"29189215500","14000US29189215500","Census Tract 2155, St. Louis County, Missouri","Census Tract 2155, St. Louis County, Missouri","mo","140","00","ACSSF","0005422",,,,,"29","189",,,,"215500",,,,,,,,,,,,,,,,,,,,,,,,,,,,,,,,,,,,,115500,0.4739
"29189215600","14000US29189215600","Census Tract 2156, St. Louis County, Missouri","Census Tract 2156, St. Louis County, Missouri","mo","140","00","ACSSF","0005423",,,,,"29","189",,,,"215600",,,,,,,,,,,,,,,,,,,,,,,,,,,,,,,,,,,,,52123,0.3909
"29189215700","14000US29189215700","Census Tract 2157, St. Louis County, Missouri","Census Tract 2157, St. Louis County, Missouri","mo","140","00","ACSSF","0005424",,,,,"29","189",,,,"215700",,,,,,,,,,,,,,,,,,,,,,,,,,,,,,,,,,,,,41875,0.3907
"29189215800","14000US29189215800","Census Tract 2158, St. Louis County, Missouri","Census Tract 2158, St. Louis County, Missouri","mo","140","00","ACSSF","0005425",,,,,"29","189",,,,"215800",,,,,,,,,,,,,,,,,,,,,,,,,,,,,,,,,,,,,69329,0.5583
"29189215900","14000US29189215900","Census Tract 2159, St. Louis County, Missouri","Census Tract 2159, St. Louis County, Missouri","mo","140","00","ACSSF","0005426",,,,,"29","189",,,,"215900",,,,,,,,,,,,,,,,,,,,,,,,,,,,,,,,,,,,,50350,0.4642
"29189216000","14000US29189216000","Census Tract 2160, St. Louis County, Missouri","Census Tract 2160, St. Louis County, Missouri","mo","140","00","ACSSF","0005427",,,,,"29","189",,,,"216000",,,,,,,,,,,,,,,,,,,,,,,,,,,,,,,,,,,,,39234,0.384
"29189216100","14000US29189216100","Census Tract 2161, St. Louis County, Missouri","Census Tract 2161, St. Louis County, Missouri","mo","140","00","ACSSF","0005428",,,,,"29","189",,,,"216100",,,,,,,,,,,,,,,,,,,,,,,,,,,,,,,,,,,,,36268,0.6469
"29189216200","14000US29189216200","Census Tract 2162, St. Louis County, Missouri","Census Tract 2162, St. Louis County, Missouri","mo","140","00","ACSSF","0005429",,,,,"29","189",,,,"216200",,,,,,,,,,,,,,,,,,,,,,,,,,,,,,,,,,,,,104444,0.473
"29189216300","14000US29189216300","Census Tract 2163, St. Louis County, Missouri","Census Tract 2163, St. Louis County, Missouri","mo","140","00","ACSSF","0005430",,,,,"29","189",,,,"216300",,,,,,,,,,,,,,,,,,,,,,,,,,,,,,,,,,,,,86691,0.5258
"29189216400","14000US29189216400","Census Tract 2164, St. Louis County, Missouri","Census Tract 2164, St. Louis County, Missouri","mo","140","00","ACSSF","0005431",,,,,"29","189",,,,"216400",,,,,,,,,,,,,,,,,,,,,,,,,,,,,,,,,,,,,72367,0.5318
"29189216500","14000US29189216500","Census Tract 2165, St. Louis County, Missouri","Census Tract 2165, St. Louis County, Missouri","mo","140","00","ACSSF","0005432",,,,,"29","189",,,,"216500",,,,,,,,,,,,,,,,,,,,,,,,,,,,,,,,,,,,,117411,0.5549
"29189216600","14000US29189216600","Census Tract 2166, St. Louis County, Missouri","Census Tract 2166, St. Louis County, Missouri","mo","140","00","ACSSF","0005433",,,,,"29","189",,,,"216600",,,,,,,,,,,,,,,,,,,,,,,,,,,,,,,,,,,,,121042,0.4879
"29189216700","14000US29189216700","Census Tract 2167, St. Louis County, Missouri","Census Tract 2167, St. Louis County, Missouri","mo","140","00","ACSSF","0005434",,,,,"29","189",,,,"216700",,,,,,,,,,,,,,,,,,,,,,,,,,,,,,,,,,,,,58289,0.5257
"29189216800","14000US29189216800","Census Tract 2168, St. Louis County, Missouri","Census Tract 2168, St. Louis County, Missouri","mo","140","00","ACSSF","0005435",,,,,"29","189",,,,"216800",,,,,,,,,,,,,,,,,,,,,,,,,,,,,,,,,,,,,67297,0.4462
"29189216900","14000US29189216900","Census Tract 2169, St. Louis County, Missouri","Census Tract 2169, St. Louis County, Missouri","mo","140","00","ACSSF","0005436",,,,,"29","189",,,,"216900",,,,,,,,,,,,,,,,,,,,,,,,,,,,,,,,,,,,,31215,0.4325
"29189217000","14000US29189217000","Census Tract 2170, St. Louis County, Missouri","Census Tract 2170, St. Louis County, Missouri","mo","140","00","ACSSF","0005437",,,,,"29","189",,,,"217000",,,,,,,,,,,,,,,,,,,,,,,,,,,,,,,,,,,,,52881,0.4663
"29189217200","14000US29189217200","Census Tract 2172, St. Louis County, Missouri","Census Tract 2172, St. Louis County, Missouri","mo","140","00","ACSSF","0005438",,,,,"29","189",,,,"217200",,,,,,,,,,,,,,,,,,,,,,,,,,,,,,,,,,,,,42346,0.3784
"29189217300","14000US29189217300","Census Tract 2173, St. Louis County, Missouri","Census Tract 2173, St. Louis County, Missouri","mo","140","00","ACSSF","0005439",,,,,"29","189",,,,"217300",,,,,,,,,,,,,,,,,,,,,,,,,,,,,,,,,,,,,78289,0.3804
"29189217400","14000US29189217400","Census Tract 2174, St. Louis County, Missouri","Census Tract 2174, St. Louis County, Missouri","mo","140","00","ACSSF","0005440",,,,,"29","189",,,,"217400",,,,,,,,,,,,,,,,,,,,,,,,,,,,,,,,,,,,,72907,0.4798
"29189217500","14000US29189217500","Census Tract 2175, St. Louis County, Missouri","Census Tract 2175, St. Louis County, Missouri","mo","140","00","ACSSF","0005441",,,,,"29","189",,,,"217500",,,,,,,,,,,,,,,,,,,,,,,,,,,,,,,,,,,,,150481,0.4634
"29189217600","14000US29189217600","Census Tract 2176, St. Louis County, Missouri","Census Tract 2176, St. Louis County, Missouri","mo","140","00","ACSSF","0005442",,,,,"29","189",,,,"217600",,,,,,,,,,,,,,,,,,,,,,,,,,,,,,,,,,,,,127298,0.4941
"29189217701","14000US29189217701","Census Tract 2177.01, St. Louis County, Missouri","Census Tract 2177.01, St. Louis County, Missouri","mo","140","00","ACSSF","0005443",,,,,"29","189",,,,"217701",,,,,,,,,,,,,,,,,,,,,,,,,,,,,,,,,,,,,160076,0.5096
"29189217702","14000US29189217702","Census Tract 2177.02, St. Louis County, Missouri","Census Tract 2177.02, St. Louis County, Missouri","mo","140","00","ACSSF","0005444",,,,,"29","189",,,,"217702",,,,,,,,,,,,,,,,,,,,,,,,,,,,,,,,,,,,,119419,0.4728
"29189217802","14000US29189217802","Census Tract 2178.02, St. Louis County, Missouri","Census Tract 2178.02, St. Louis County, Missouri","mo","140","00","ACSSF","0005445",,,,,"29","189",,,,"217802",,,,,,,,,,,,,,,,,,,,,,,,,,,,,,,,,,,,,93102,0.4099
"29189217806","14000US29189217806","Census Tract 2178.06, St. Louis County, Missouri","Census Tract 2178.06, St. Louis County, Missouri","mo","140","00","ACSSF","0005446",,,,,"29","189",,,,"217806",,,,,,,,,,,,,,,,,,,,,,,,,,,,,,,,,,,,,59615,0.4207
"29189217807","14000US29189217807","Census Tract 2178.07, St. Louis County, Missouri","Census Tract 2178.07, St. Louis County, Missouri","mo","140","00","ACSSF","0005447",,,,,"29","189",,,,"217807",,,,,,,,,,,,,,,,,,,,,,,,,,,,,,,,,,,,,73585,0.444
"29189217841","14000US29189217841","Census Tract 2178.41, St. Louis County, Missouri","Census Tract 2178.41, St. Louis County, Missouri","mo","140","00","ACSSF","0005448",,,,,"29","189",,,,"217841",,,,,,,,,,,,,,,,,,,,,,,,,,,,,,,,,,,,,112586,0.3465
"29189217842","14000US29189217842","Census Tract 2178.42, St. Louis County, Missouri","Census Tract 2178.42, St. Louis County, Missouri","mo","140","00","ACSSF","0005449",,,,,"29","189",,,,"217842",,,,,,,,,,,,,,,,,,,,,,,,,,,,,,,,,,,,,89750,0.5199
"29189217851","14000US29189217851","Census Tract 2178.51, St. Louis County, Missouri","Census Tract 2178.51, St. Louis County, Missouri","mo","140","00","ACSSF","0005450",,,,,"29","189",,,,"217851",,,,,,,,,,,,,,,,,,,,,,,,,,,,,,,,,,,,,111086,0.3708
"29189217852","14000US29189217852","Census Tract 2178.52, St. Louis County, Missouri","Census Tract 2178.52, St. Louis County, Missouri","mo","140","00","ACSSF","0005451",,,,,"29","189",,,,"217852",,,,,,,,,,,,,,,,,,,,,,,,,,,,,,,,,,,,,109063,0.3702
"29189217921","14000US29189217921","Census Tract 2179.21, St. Louis County, Missouri","Census Tract 2179.21, St. Louis County, Missouri","mo","140","00","ACSSF","0005452",,,,,"29","189",,,,"217921",,,,,,,,,,,,,,,,,,,,,,,,,,,,,,,,,,,,,130147,0.4193
"29189217923","14000US29189217923","Census Tract 2179.23, St. Louis County, Missouri","Census Tract 2179.23, St. Louis County, Missouri","mo","140","00","ACSSF","0005453",,,,,"29","189",,,,"217923",,,,,,,,,,,,,,,,,,,,,,,,,,,,,,,,,,,,,89047,0.3635
"29189217931","14000US29189217931","Census Tract 2179.31, St. Louis County, Missouri","Census Tract 2179.31, St. Louis County, Missouri","mo","140","00","ACSSF","0005454",,,,,"29","189",,,,"217931",,,,,,,,,,,,,,,,,,,,,,,,,,,,,,,,,,,,,80682,0.3385
"29189217932","14000US29189217932","Census Tract 2179.32, St. Louis County, Missouri","Census Tract 2179.32, St. Louis County, Missouri","mo","140","00","ACSSF","0005455",,,,,"29","189",,,,"217932",,,,,,,,,,,,,,,,,,,,,,,,,,,,,,,,,,,,,92120,0.3541
"29189217941","14000US29189217941","Census Tract 2179.41, St. Louis County, Missouri","Census Tract 2179.41, St. Louis County, Missouri","mo","140","00","ACSSF","0005456",,,,,"29","189",,,,"217941",,,,,,,,,,,,,,,,,,,,,,,,,,,,,,,,,,,,,69557,0.4326
"29189217942","14000US29189217942","Census Tract 2179.42, St. Louis County, Missouri","Census Tract 2179.42, St. Louis County, Missouri","mo","140","00","ACSSF","0005457",,,,,"29","189",,,,"217942",,,,,,,,,,,,,,,,,,,,,,,,,,,,,,,,,,,,,70985,0.3583
"29189217943","14000US29189217943","Census Tract 2179.43, St. Louis County, Missouri","Census Tract 2179.43, St. Louis County, Missouri","mo","140","00","ACSSF","0005458",,,,,"29","189",,,,"217943",,,,,,,,,,,,,,,,,,,,,,,,,,,,,,,,,,,,,91414,0.4074
"29189217944","14000US29189217944","Census Tract 2179.44, St. Louis County, Missouri","Census Tract 2179.44, St. Louis County, Missouri","mo","140","00","ACSSF","0005459",,,,,"29","189",,,,"217944",,,,,,,,,,,,,,,,,,,,,,,,,,,,,,,,,,,,,116058,0.384
"29189218003","14000US29189218003","Census Tract 2180.03, St. Louis County, Missouri","Census Tract 2180.03, St. Louis County, Missouri","mo","140","00","ACSSF","0005460",,,,,"29","189",,,,"218003",,,,,,,,,,,,,,,,,,,,,,,,,,,,,,,,,,,,,91601,0.3993
"29189218011","14000US29189218011","Census Tract 2180.11, St. Louis County, Missouri","Census Tract 2180.11, St. Louis County, Missouri","mo","140","00","ACSSF","0005461",,,,,"29","189",,,,"218011",,,,,,,,,,,,,,,,,,,,,,,,,,,,,,,,,,,,,63417,0.5041
"29189218012","14000US29189218012","Census Tract 2180.12, St. Louis County, Missouri","Census Tract 2180.12, St. Louis County, Missouri","mo","140","00","ACSSF","0005462",,,,,"29","189",,,,"218012",,,,,,,,,,,,,,,,,,,,,,,,,,,,,,,,,,,,,124500,0.3667
"29189218102","14000US29189218102","Census Tract 2181.02, St. Louis County, Missouri","Census Tract 2181.02, St. Louis County, Missouri","mo","140","00","ACSSF","0005463",,,,,"29","189",,,,"218102",,,,,,,,,,,,,,,,,,,,,,,,,,,,,,,,,,,,,51781,0.3915
"29189218103","14000US29189218103","Census Tract 2181.03, St. Louis County, Missouri","Census Tract 2181.03, St. Louis County, Missouri","mo","140","00","ACSSF","0005464",,,,,"29","189",,,,"218103",,,,,,,,,,,,,,,,,,,,,,,,,,,,,,,,,,,,,56449,0.4361
"29189218201","14000US29189218201","Census Tract 2182.01, St. Louis County, Missouri","Census Tract 2182.01, St. Louis County, Missouri","mo","140","00","ACSSF","0005465",,,,,"29","189",,,,"218201",,,,,,,,,,,,,,,,,,,,,,,,,,,,,,,,,,,,,75430,0.3921
"29189218300","14000US29189218300","Census Tract 2183, St. Louis County, Missouri","Census Tract 2183, St. Louis County, Missouri","mo","140","00","ACSSF","0005466",,,,,"29","189",,,,"218300",,,,,,,,,,,,,,,,,,,,,,,,,,,,,,,,,,,,,60909,0.4528
"29189218401","14000US29189218401","Census Tract 2184.01, St. Louis County, Missouri","Census Tract 2184.01, St. Louis County, Missouri","mo","140","00","ACSSF","0005467",,,,,"29","189",,,,"218401",,,,,,,,,,,,,,,,,,,,,,,,,,,,,,,,,,,,,93950,0.4495
"29189218402","14000US29189218402","Census Tract 2184.02, St. Louis County, Missouri","Census Tract 2184.02, St. Louis County, Missouri","mo","140","00","ACSSF","0005468",,,,,"29","189",,,,"218402",,,,,,,,,,,,,,,,,,,,,,,,,,,,,,,,,,,,,97344,0.4518
"29189218500","14000US29189218500","Census Tract 2185, St. Louis County, Missouri","Census Tract 2185, St. Louis County, Missouri","mo","140","00","ACSSF","0005469",,,,,"29","189",,,,"218500",,,,,,,,,,,,,,,,,,,,,,,,,,,,,,,,,,,,,88718,0.4534
"29189218600","14000US29189218600","Census Tract 2186, St. Louis County, Missouri","Census Tract 2186, St. Louis County, Missouri","mo","140","00","ACSSF","0005470",,,,,"29","189",,,,"218600",,,,,,,,,,,,,,,,,,,,,,,,,,,,,,,,,,,,,51837,0.5882
"29189218800","14000US29189218800","Census Tract 2188, St. Louis County, Missouri","Census Tract 2188, St. Louis County, Missouri","mo","140","00","ACSSF","0005471",,,,,"29","189",,,,"218800",,,,,,,,,,,,,,,,,,,,,,,,,,,,,,,,,,,,,128571,0.4336
"29189218900","14000US29189218900","Census Tract 2189, St. Louis County, Missouri","Census Tract 2189, St. Louis County, Missouri","mo","140","00","ACSSF","0005472",,,,,"29","189",,,,"218900",,,,,,,,,,,,,,,,,,,,,,,,,,,,,,,,,,,,,58000,0.4049
"29189219100","14000US29189219100","Census Tract 2191, St. Louis County, Missouri","Census Tract 2191, St. Louis County, Missouri","mo","140","00","ACSSF","0005473",,,,,"29","189",,,,"219100",,,,,,,,,,,,,,,,,,,,,,,,,,,,,,,,,,,,,88333,0.4381
"29189219200","14000US29189219200","Census Tract 2192, St. Louis County, Missouri","Census Tract 2192, St. Louis County, Missouri","mo","140","00","ACSSF","0005474",,,,,"29","189",,,,"219200",,,,,,,,,,,,,,,,,,,,,,,,,,,,,,,,,,,,,90703,0.5491
"29189219300","14000US29189219300","Census Tract 2193, St. Louis County, Missouri","Census Tract 2193, St. Louis County, Missouri","mo","140","00","ACSSF","0005475",,,,,"29","189",,,,"219300",,,,,,,,,,,,,,,,,,,,,,,,,,,,,,,,,,,,,82188,0.4784
"29189219400","14000US29189219400","Census Tract 2194, St. Louis County, Missouri","Census Tract 2194, St. Louis County, Missouri","mo","140","00","ACSSF","0005476",,,,,"29","189",,,,"219400",,,,,,,,,,,,,,,,,,,,,,,,,,,,,,,,,,,,,100446,0.4066
"29189219500","14000US29189219500","Census Tract 2195, St. Louis County, Missouri","Census Tract 2195, St. Louis County, Missouri","mo","140","00","ACSSF","0005477",,,,,"29","189",,,,"219500",,,,,,,,,,,,,,,,,,,,,,,,,,,,,,,,,,,,,80658,0.3865
"29189219600","14000US29189219600","Census Tract 2196, St. Louis County, Missouri","Census Tract 2196, St. Louis County, Missouri","mo","140","00","ACSSF","0005478",,,,,"29","189",,,,"219600",,,,,,,,,,,,,,,,,,,,,,,,,,,,,,,,,,,,,54750,0.4287
"29189219700","14000US29189219700","Census Tract 2197, St. Louis County, Missouri","Census Tract 2197, St. Louis County, Missouri","mo","140","00","ACSSF","0005479",,,,,"29","189",,,,"219700",,,,,,,,,,,,,,,,,,,,,,,,,,,,,,,,,,,,,55625,0.3958
"29189219800","14000US29189219800","Census Tract 2198, St. Louis County, Missouri","Census Tract 2198, St. Louis County, Missouri","mo","140","00","ACSSF","0005480",,,,,"29","189",,,,"219800",,,,,,,,,,,,,,,,,,,,,,,,,,,,,,,,,,,,,49315,0.4013
"29189219900","14000US29189219900","Census Tract 2199, St. Louis County, Missouri","Census Tract 2199, St. Louis County, Missouri","mo","140","00","ACSSF","0005481",,,,,"29","189",,,,"219900",,,,,,,,,,,,,,,,,,,,,,,,,,,,,,,,,,,,,52371,0.3698
"29189220001","14000US29189220001","Census Tract 2200.01, St. Louis County, Missouri","Census Tract 2200.01, St. Louis County, Missouri","mo","140","00","ACSSF","0005482",,,,,"29","189",,,,"220001",,,,,,,,,,,,,,,,,,,,,,,,,,,,,,,,,,,,,59151,0.3426
"29189220002","14000US29189220002","Census Tract 2200.02, St. Louis County, Missouri","Census Tract 2200.02, St. Louis County, Missouri","mo","140","00","ACSSF","0005483",,,,,"29","189",,,,"220002",,,,,,,,,,,,,,,,,,,,,,,,,,,,,,,,,,,,,56727,0.3344
"29189220100","14000US29189220100","Census Tract 2201, St. Louis County, Missouri","Census Tract 2201, St. Louis County, Missouri","mo","140","00","ACSSF","0005484",,,,,"29","189",,,,"220100",,,,,,,,,,,,,,,,,,,,,,,,,,,,,,,,,,,,,48080,0.3596
"29189220200","14000US29189220200","Census Tract 2202, St. Louis County, Missouri","Census Tract 2202, St. Louis County, Missouri","mo","140","00","ACSSF","0005485",,,,,"29","189",,,,"220200",,,,,,,,,,,,,,,,,,,,,,,,,,,,,,,,,,,,,43974,0.34
"29189220300","14000US29189220300","Census Tract 2203, St. Louis County, Missouri","Census Tract 2203, St. Louis County, Missouri","mo","140","00","ACSSF","0005486",,,,,"29","189",,,,"220300",,,,,,,,,,,,,,,,,,,,,,,,,,,,,,,,,,,,,32475,0.449
"29189220431","14000US29189220431","Census Tract 2204.31, St. Louis County, Missouri","Census Tract 2204.31, St. Louis County, Missouri","mo","140","00","ACSSF","0005487",,,,,"29","189",,,,"220431",,,,,,,,,,,,,,,,,,,,,,,,,,,,,,,,,,,,,60601,0.4432
"29189220432","14000US29189220432","Census Tract 2204.32, St. Louis County, Missouri","Census Tract 2204.32, St. Louis County, Missouri","mo","140","00","ACSSF","0005488",,,,,"29","189",,,,"220432",,,,,,,,,,,,,,,,,,,,,,,,,,,,,,,,,,,,,74747,0.3355
"29189220441","14000US29189220441","Census Tract 2204.41, St. Louis County, Missouri","Census Tract 2204.41, St. Louis County, Missouri","mo","140","00","ACSSF","0005489",,,,,"29","189",,,,"220441",,,,,,,,,,,,,,,,,,,,,,,,,,,,,,,,,,,,,62103,0.4033
"29189220442","14000US29189220442","Census Tract 2204.42, St. Louis County, Missouri","Census Tract 2204.42, St. Louis County, Missouri","mo","140","00","ACSSF","0005490",,,,,"29","189",,,,"220442",,,,,,,,,,,,,,,,,,,,,,,,,,,,,,,,,,,,,65521,0.3557
"29189220443","14000US29189220443","Census Tract 2204.43, St. Louis County, Missouri","Census Tract 2204.43, St. Louis County, Missouri","mo","140","00","ACSSF","0005491",,,,,"29","189",,,,"220443",,,,,,,,,,,,,,,,,,,,,,,,,,,,,,,,,,,,,48611,0.4345
"29189220444","14000US29189220444","Census Tract 2204.44, St. Louis County, Missouri","Census Tract 2204.44, St. Louis County, Missouri","mo","140","00","ACSSF","0005492",,,,,"29","189",,,,"220444",,,,,,,,,,,,,,,,,,,,,,,,,,,,,,,,,,,,,94000,0.3548
"29189220445","14000US29189220445","Census Tract 2204.45, St. Louis County, Missouri","Census Tract 2204.45, St. Louis County, Missouri","mo","140","00","ACSSF","0005493",,,,,"29","189",,,,"220445",,,,,,,,,,,,,,,,,,,,,,,,,,,,,,,,,,,,,104074,0.4036
"29189220446","14000US29189220446","Census Tract 2204.46, St. Louis County, Missouri","Census Tract 2204.46, St. Louis County, Missouri","mo","140","00","ACSSF","0005494",,,,,"29","189",,,,"220446",,,,,,,,,,,,,,,,,,,,,,,,,,,,,,,,,,,,,96284,0.3584
"29189220501","14000US29189220501","Census Tract 2205.01, St. Louis County, Missouri","Census Tract 2205.01, St. Louis County, Missouri","mo","140","00","ACSSF","0005495",,,,,"29","189",,,,"220501",,,,,,,,,,,,,,,,,,,,,,,,,,,,,,,,,,,,,51222,0.3401
"29189220502","14000US29189220502","Census Tract 2205.02, St. Louis County, Missouri","Census Tract 2205.02, St. Louis County, Missouri","mo","140","00","ACSSF","0005496",,,,,"29","189",,,,"220502",,,,,,,,,,,,,,,,,,,,,,,,,,,,,,,,,,,,,52116,0.4158
"29189220601","14000US29189220601","Census Tract 2206.01, St. Louis County, Missouri","Census Tract 2206.01, St. Louis County, Missouri","mo","140","00","ACSSF","0005497",,,,,"29","189",,,,"220601",,,,,,,,,,,,,,,,,,,,,,,,,,,,,,,,,,,,,56832,0.386
"29189220602","14000US29189220602","Census Tract 2206.02, St. Louis County, Missouri","Census Tract 2206.02, St. Louis County, Missouri","mo","140","00","ACSSF","0005498",,,,,"29","189",,,,"220602",,,,,,,,,,,,,,,,,,,,,,,,,,,,,,,,,,,,,49464,0.3868
"29189220701","14000US29189220701","Census Tract 2207.01, St. Louis County, Missouri","Census Tract 2207.01, St. Louis County, Missouri","mo","140","00","ACSSF","0005499",,,,,"29","189",,,,"220701",,,,,,,,,,,,,,,,,,,,,,,,,,,,,,,,,,,,,51336,0.4066
"29189220702","14000US29189220702","Census Tract 2207.02, St. Louis County, Missouri","Census Tract 2207.02, St. Louis County, Missouri","mo","140","00","ACSSF","0005500",,,,,"29","189",,,,"220702",,,,,,,,,,,,,,,,,,,,,,,,,,,,,,,,,,,,,60887,0.378
"29189220703","14000US29189220703","Census Tract 2207.03, St. Louis County, Missouri","Census Tract 2207.03, St. Louis County, Missouri","mo","140","00","ACSSF","0005501",,,,,"29","189",,,,"220703",,,,,,,,,,,,,,,,,,,,,,,,,,,,,,,,,,,,,75000,0.3566
"29189220801","14000US29189220801","Census Tract 2208.01, St. Louis County, Missouri","Census Tract 2208.01, St. Louis County, Missouri","mo","140","00","ACSSF","0005502",,,,,"29","189",,,,"220801",,,,,,,,,,,,,,,,,,,,,,,,,,,,,,,,,,,,,52663,0.4857
"29189220802","14000US29189220802","Census Tract 2208.02, St. Louis County, Missouri","Census Tract 2208.02, St. Louis County, Missouri","mo","140","00","ACSSF","0005503",,,,,"29","189",,,,"220802",,,,,,,,,,,,,,,,,,,,,,,,,,,,,,,,,,,,,60392,0.3751
"29189220803","14000US29189220803","Census Tract 2208.03, St. Louis County, Missouri","Census Tract 2208.03, St. Louis County, Missouri","mo","140","00","ACSSF","0005504",,,,,"29","189",,,,"220803",,,,,,,,,,,,,,,,,,,,,,,,,,,,,,,,,,,,,90990,0.4161
"29189221000","14000US29189221000","Census Tract 2210, St. Louis County, Missouri","Census Tract 2210, St. Louis County, Missouri","mo","140","00","ACSSF","0005505",,,,,"29","189",,,,"221000",,,,,,,,,,,,,,,,,,,,,,,,,,,,,,,,,,,,,50845,0.3673
"29189221100","14000US29189221100","Census Tract 2211, St. Louis County, Missouri","Census Tract 2211, St. Louis County, Missouri","mo","140","00","ACSSF","0005506",,,,,"29","189",,,,"221100",,,,,,,,,,,,,,,,,,,,,,,,,,,,,,,,,,,,,111250,0.4487
"29189221201","14000US29189221201","Census Tract 2212.01, St. Louis County, Missouri","Census Tract 2212.01, St. Louis County, Missouri","mo","140","00","ACSSF","0005507",,,,,"29","189",,,,"221201",,,,,,,,,,,,,,,,,,,,,,,,,,,,,,,,,,,,,105294,0.5347
"29189221202","14000US29189221202","Census Tract 2212.02, St. Louis County, Missouri","Census Tract 2212.02, St. Louis County, Missouri","mo","140","00","ACSSF","0005508",,,,,"29","189",,,,"221202",,,,,,,,,,,,,,,,,,,,,,,,,,,,,,,,,,,,,74390,0.5422
"29189221301","14000US29189221301","Census Tract 2213.01, St. Louis County, Missouri","Census Tract 2213.01, St. Louis County, Missouri","mo","140","00","ACSSF","0005509",,,,,"29","189",,,,"221301",,,,,,,,,,,,,,,,,,,,,,,,,,,,,,,,,,,,,57521,0.3846
"29189221302","14000US29189221302","Census Tract 2213.02, St. Louis County, Missouri","Census Tract 2213.02, St. Louis County, Missouri","mo","140","00","ACSSF","0005510",,,,,"29","189",,,,"221302",,,,,,,,,,,,,,,,,,,,,,,,,,,,,,,,,,,,,59076,0.3758
"29189221332","14000US29189221332","Census Tract 2213.32, St. Louis County, Missouri","Census Tract 2213.32, St. Louis County, Missouri","mo","140","00","ACSSF","0005511",,,,,"29","189",,,,"221332",,,,,,,,,,,,,,,,,,,,,,,,,,,,,,,,,,,,,72210,0.3631
"29189221335","14000US29189221335","Census Tract 2213.35, St. Louis County, Missouri","Census Tract 2213.35, St. Louis County, Missouri","mo","140","00","ACSSF","0005512",,,,,"29","189",,,,"221335",,,,,,,,,,,,,,,,,,,,,,,,,,,,,,,,,,,,,72464,0.3679
"29189221421","14000US29189221421","Census Tract 2214.21, St. Louis County, Missouri","Census Tract 2214.21, St. Louis County, Missouri","mo","140","00","ACSSF","0005513",,,,,"29","189",,,,"221421",,,,,,,,,,,,,,,,,,,,,,,,,,,,,,,,,,,,,108071,0.3213
"29189221422","14000US29189221422","Census Tract 2214.22, St. Louis County, Missouri","Census Tract 2214.22, St. Louis County, Missouri","mo","140","00","ACSSF","0005514",,,,,"29","189",,,,"221422",,,,,,,,,,,,,,,,,,,,,,,,,,,,,,,,,,,,,80750,0.4101
"29189221423","14000US29189221423","Census Tract 2214.23, St. Louis County, Missouri","Census Tract 2214.23, St. Louis County, Missouri","mo","140","00","ACSSF","0005515",,,,,"29","189",,,,"221423",,,,,,,,,,,,,,,,,,,,,,,,,,,,,,,,,,,,,88309,0.3922
"29189221424","14000US29189221424","Census Tract 2214.24, St. Louis County, Missouri","Census Tract 2214.24, St. Louis County, Missouri","mo","140","00","ACSSF","0005516",,,,,"29","189",,,,"221424",,,,,,,,,,,,,,,,,,,,,,,,,,,,,,,,,,,,,89727,0.4528
"29189221502","14000US29189221502","Census Tract 2215.02, St. Louis County, Missouri","Census Tract 2215.02, St. Louis County, Missouri","mo","140","00","ACSSF","0005517",,,,,"29","189",,,,"221502",,,,,,,,,,,,,,,,,,,,,,,,,,,,,,,,,,,,,90625,0.3757
"29189221503","14000US29189221503","Census Tract 2215.03, St. Louis County, Missouri","Census Tract 2215.03, St. Louis County, Missouri","mo","140","00","ACSSF","0005518",,,,,"29","189",,,,"221503",,,,,,,,,,,,,,,,,,,,,,,,,,,,,,,,,,,,,100000,0.4304
"29189221506","14000US29189221506","Census Tract 2215.06, St. Louis County, Missouri","Census Tract 2215.06, St. Louis County, Missouri","mo","140","00","ACSSF","0005519",,,,,"29","189",,,,"221506",,,,,,,,,,,,,,,,,,,,,,,,,,,,,,,,,,,,,108333,0.3533
"29189221621","14000US29189221621","Census Tract 2216.21, St. Louis County, Missouri","Census Tract 2216.21, St. Louis County, Missouri","mo","140","00","ACSSF","0005520",,,,,"29","189",,,,"221621",,,,,,,,,,,,,,,,,,,,,,,,,,,,,,,,,,,,,120904,0.4397
"29189221624","14000US29189221624","Census Tract 2216.24, St. Louis County, Missouri","Census Tract 2216.24, St. Louis County, Missouri","mo","140","00","ACSSF","0005521",,,,,"29","189",,,,"221624",,,,,,,,,,,,,,,,,,,,,,,,,,,,,,,,,,,,,84063,0.4569
"29189221625","14000US29189221625","Census Tract 2216.25, St. Louis County, Missouri","Census Tract 2216.25, St. Louis County, Missouri","mo","140","00","ACSSF","0005522",,,,,"29","189",,,,"221625",,,,,,,,,,,,,,,,,,,,,,,,,,,,,,,,,,,,,99336,0.3957
"29189221626","14000US29189221626","Census Tract 2216.26, St. Louis County, Missouri","Census Tract 2216.26, St. Louis County, Missouri","mo","140","00","ACSSF","0005523",,,,,"29","189",,,,"221626",,,,,,,,,,,,,,,,,,,,,,,,,,,,,,,,,,,,,164500,0.4259
"29189221627","14000US29189221627","Census Tract 2216.27, St. Louis County, Missouri","Census Tract 2216.27, St. Louis County, Missouri","mo","140","00","ACSSF","0005524",,,,,"29","189",,,,"221627",,,,,,,,,,,,,,,,,,,,,,,,,,,,,,,,,,,,,193594,0.4152
"29189221628","14000US29189221628","Census Tract 2216.28, St. Louis County, Missouri","Census Tract 2216.28, St. Louis County, Missouri","mo","140","00","ACSSF","0005525",,,,,"29","189",,,,"221628",,,,,,,,,,,,,,,,,,,,,,,,,,,,,,,,,,,,,68467,0.5375
"29189221629","14000US29189221629","Census Tract 2216.29, St. Louis County, Missouri","Census Tract 2216.29, St. Louis County, Missouri","mo","140","00","ACSSF","0005526",,,,,"29","189",,,,"221629",,,,,,,,,,,,,,,,,,,,,,,,,,,,,,,,,,,,,164010,0.4212
"29189221800","14000US29189221800","Census Tract 2218, St. Louis County, Missouri","Census Tract 2218, St. Louis County, Missouri","mo","140","00","ACSSF","0005527",,,,,"29","189",,,,"221800",,,,,,,,,,,,,,,,,,,,,,,,,,,,,,,,,,,,,28222,0.5222
"29189221900","14000US29189221900","Census Tract 2219, St. Louis County, Missouri","Census Tract 2219, St. Louis County, Missouri","mo","140","00","ACSSF","0005528",,,,,"29","189",,,,"221900",,,,,,,,,,,,,,,,,,,,,,,,,,,,,,,,,,,,,77669,0.4123
"29189222000","14000US29189222000","Census Tract 2220, St. Louis County, Missouri","Census Tract 2220, St. Louis County, Missouri","mo","140","00","ACSSF","0005529",,,,,"29","189",,,,"222000",,,,,,,,,,,,,,,,,,,,,,,,,,,,,,,,,,,,,79542,0.4582
"29189222100","14000US29189222100","Census Tract 2221, St. Louis County, Missouri","Census Tract 2221, St. Louis County, Missouri","mo","140","00","ACSSF","0005530",,,,,"29","189",,,,"222100",,,,,,,,,,,,,,,,,,,,,,,,,,,,,,,,,,,,,124719,0.3801
"29510101100","14000US29510101100","Census Tract 1011, St. Louis city, Missouri","Census Tract 1011, St. Louis city, Missouri","mo","140","00","ACSSF","0005622",,,,,"29","510",,,,"101100",,,,,,,,,,,,,,,,,,,,,,,,,,,,,,,,,,,,,56506,0.3244
"29510101200","14000US29510101200","Census Tract 1012, St. Louis city, Missouri","Census Tract 1012, St. Louis city, Missouri","mo","140","00","ACSSF","0005623",,,,,"29","510",,,,"101200",,,,,,,,,,,,,,,,,,,,,,,,,,,,,,,,,,,,,54828,0.4764
"29510101300","14000US29510101300","Census Tract 1013, St. Louis city, Missouri","Census Tract 1013, St. Louis city, Missouri","mo","140","00","ACSSF","0005624",,,,,"29","510",,,,"101300",,,,,,,,,,,,,,,,,,,,,,,,,,,,,,,,,,,,,54775,0.4425
"29510101400","14000US29510101400","Census Tract 1014, St. Louis city, Missouri","Census Tract 1014, St. Louis city, Missouri","mo","140","00","ACSSF","0005625",,,,,"29","510",,,,"101400",,,,,,,,,,,,,,,,,,,,,,,,,,,,,,,,,,,,,39671,0.4262
"29510101500","14000US29510101500","Census Tract 1015, St. Louis city, Missouri","Census Tract 1015, St. Louis city, Missouri","mo","140","00","ACSSF","0005626",,,,,"29","510",,,,"101500",,,,,,,,,,,,,,,,,,,,,,,,,,,,,,,,,,,,,28689,0.4571
"29510101800","14000US29510101800","Census Tract 1018, St. Louis city, Missouri","Census Tract 1018, St. Louis city, Missouri","mo","140","00","ACSSF","0005627",,,,,"29","510",,,,"101800",,,,,,,,,,,,,,,,,,,,,,,,,,,,,,,,,,,,,38333,0.4029
"29510102100","14000US29510102100","Census Tract 1021, St. Louis city, Missouri","Census Tract 1021, St. Louis city, Missouri","mo","140","00","ACSSF","0005628",,,,,"29","510",,,,"102100",,,,,,,,,,,,,,,,,,,,,,,,,,,,,,,,,,,,,45230,0.3937
"29510102200","14000US29510102200","Census Tract 1022, St. Louis city, Missouri","Census Tract 1022, St. Louis city, Missouri","mo","140","00","ACSSF","0005629",,,,,"29","510",,,,"102200",,,,,,,,,,,,,,,,,,,,,,,,,,,,,,,,,,,,,68537,0.4329
"29510102300","14000US29510102300","Census Tract 1023, St. Louis city, Missouri","Census Tract 1023, St. Louis city, Missouri","mo","140","00","ACSSF","0005630",,,,,"29","510",,,,"102300",,,,,,,,,,,,,,,,,,,,,,,,,,,,,,,,,,,,,54583,0.3542
"29510102400","14000US29510102400","Census Tract 1024, St. Louis city, Missouri","Census Tract 1024, St. Louis city, Missouri","mo","140","00","ACSSF","0005631",,,,,"29","510",,,,"102400",,,,,,,,,,,,,,,,,,,,,,,,,,,,,,,,,,,,,38676,0.367
"29510102500","14000US29510102500","Census Tract 1025, St. Louis city, Missouri","Census Tract 1025, St. Louis city, Missouri","mo","140","00","ACSSF","0005632",,,,,"29","510",,,,"102500",,,,,,,,,,,,,,,,,,,,,,,,,,,,,,,,,,,,,45862,0.4
"29510103100","14000US29510103100","Census Tract 1031, St. Louis city, Missouri","Census Tract 1031, St. Louis city, Missouri","mo","140","00","ACSSF","0005633",,,,,"29","510",,,,"103100",,,,,,,,,,,,,,,,,,,,,,,,,,,,,,,,,,,,,44771,0.4799
"29510103400","14000US29510103400","Census Tract 1034, St. Louis city, Missouri","Census Tract 1034, St. Louis city, Missouri","mo","140","00","ACSSF","0005634",,,,,"29","510",,,,"103400",,,,,,,,,,,,,,,,,,,,,,,,,,,,,,,,,,,,,58500,0.3619
"29510103600","14000US29510103600","Census Tract 1036, St. Louis city, Missouri","Census Tract 1036, St. Louis city, Missouri","mo","140","00","ACSSF","0005635",,,,,"29","510",,,,"103600",,,,,,,,,,,,,,,,,,,,,,,,,,,,,,,,,,,,,42353,0.5204
"29510103700","14000US29510103700","Census Tract 1037, St. Louis city, Missouri","Census Tract 1037, St. Louis city, Missouri","mo","140","00","ACSSF","0005636",,,,,"29","510",,,,"103700",,,,,,,,,,,,,,,,,,,,,,,,,,,,,,,,,,,,,50781,0.403
"29510103800","14000US29510103800","Census Tract 1038, St. Louis city, Missouri","Census Tract 1038, St. Louis city, Missouri","mo","140","00","ACSSF","0005637",,,,,"29","510",,,,"103800",,,,,,,,,,,,,,,,,,,,,,,,,,,,,,,,,,,,,67260,0.3429
"29510104200","14000US29510104200","Census Tract 1042, St. Louis city, Missouri","Census Tract 1042, St. Louis city, Missouri","mo","140","00","ACSSF","0005638",,,,,"29","510",,,,"104200",,,,,,,,,,,,,,,,,,,,,,,,,,,,,,,,,,,,,56797,0.4396
"29510104500","14000US29510104500","Census Tract 1045, St. Louis city, Missouri","Census Tract 1045, St. Louis city, Missouri","mo","140","00","ACSSF","0005639",,,,,"29","510",,,,"104500",,,,,,,,,,,,,,,,,,,,,,,,,,,,,,,,,,,,,53750,0.4981
"29510105198","14000US29510105198","Census Tract 1051.98, St. Louis city, Missouri","Census Tract 1051.98, St. Louis city, Missouri","mo","140","00","ACSSF","0005640",,,,,"29","510",,,,"105198",,,,,,,,,,,,,,,,,,,,,,,,,,,,,,,,,,,,,55793,0.5411
"29510105200","14000US29510105200","Census Tract 1052, St. Louis city, Missouri","Census Tract 1052, St. Louis city, Missouri","mo","140","00","ACSSF","0005641",,,,,"29","510",,,,"105200",,,,,,,,,,,,,,,,,,,,,,,,,,,,,,,,,,,,,50056,0.473
"29510105300","14000US29510105300","Census Tract 1053, St. Louis city, Missouri","Census Tract 1053, St. Louis city, Missouri","mo","140","00","ACSSF","0005642",,,,,"29","510",,,,"105300",,,,,,,,,,,,,,,,,,,,,,,,,,,,,,,,,,,,,23246,0.514
"29510105400","14000US29510105400","Census Tract 1054, St. Louis city, Missouri","Census Tract 1054, St. Louis city, Missouri","mo","140","00","ACSSF","0005643",,,,,"29","510",,,,"105400",,,,,,,,,,,,,,,,,,,,,,,,,,,,,,,,,,,,,28235,0.4712
"29510105500","14000US29510105500","Census Tract 1055, St. Louis city, Missouri","Census Tract 1055, St. Louis city, Missouri","mo","140","00","ACSSF","0005644",,,,,"29","510",,,,"105500",,,,,,,,,,,,,,,,,,,,,,,,,,,,,,,,,,,,,36316,0.4966
"29510106100","14000US29510106100","Census Tract 1061, St. Louis city, Missouri","Census Tract 1061, St. Louis city, Missouri","mo","140","00","ACSSF","0005645",,,,,"29","510",,,,"106100",,,,,,,,,,,,,,,,,,,,,,,,,,,,,,,,,,,,,18005,0.4872
"29510106200","14000US29510106200","Census Tract 1062, St. Louis city, Missouri","Census Tract 1062, St. Louis city, Missouri","mo","140","00","ACSSF","0005646",,,,,"29","510",,,,"106200",,,,,,,,,,,,,,,,,,,,,,,,,,,,,,,,,,,,,12479,0.5936
"29510106300","14000US29510106300","Census Tract 1063, St. Louis city, Missouri","Census Tract 1063, St. Louis city, Missouri","mo","140","00","ACSSF","0005647",,,,,"29","510",,,,"106300",,,,,,,,,,,,,,,,,,,,,,,,,,,,,,,,,,,,,26103,0.4267
"29510106400","14000US29510106400","Census Tract 1064, St. Louis city, Missouri","Census Tract 1064, St. Louis city, Missouri","mo","140","00","ACSSF","0005648",,,,,"29","510",,,,"106400",,,,,,,,,,,,,,,,,,,,,,,,,,,,,,,,,,,,,20806,0.4899
"29510106500","14000US29510106500","Census Tract 1065, St. Louis city, Missouri","Census Tract 1065, St. Louis city, Missouri","mo","140","00","ACSSF","0005649",,,,,"29","510",,,,"106500",,,,,,,,,,,,,,,,,,,,,,,,,,,,,,,,,,,,,28050,0.5784
"29510106600","14000US29510106600","Census Tract 1066, St. Louis city, Missouri","Census Tract 1066, St. Louis city, Missouri","mo","140","00","ACSSF","0005650",,,,,"29","510",,,,"106600",,,,,,,,,,,,,,,,,,,,,,,,,,,,,,,,,,,,,17717,0.4578
"29510106700","14000US29510106700","Census Tract 1067, St. Louis city, Missouri","Census Tract 1067, St. Louis city, Missouri","mo","140","00","ACSSF","0005651",,,,,"29","510",,,,"106700",,,,,,,,,,,,,,,,,,,,,,,,,,,,,,,,,,,,,21597,0.5292
"29510107200","14000US29510107200","Census Tract 1072, St. Louis city, Missouri","Census Tract 1072, St. Louis city, Missouri","mo","140","00","ACSSF","0005652",,,,,"29","510",,,,"107200",,,,,,,,,,,,,,,,,,,,,,,,,,,,,,,,,,,,,23242,0.4349
"29510107300","14000US29510107300","Census Tract 1073, St. Louis city, Missouri","Census Tract 1073, St. Louis city, Missouri","mo","140","00","ACSSF","0005653",,,,,"29","510",,,,"107300",,,,,,,,,,,,,,,,,,,,,,,,,,,,,,,,,,,,,25622,0.441
"29510107400","14000US29510107400","Census Tract 1074, St. Louis city, Missouri","Census Tract 1074, St. Louis city, Missouri","mo","140","00","ACSSF","0005654",,,,,"29","510",,,,"107400",,,,,,,,,,,,,,,,,,,,,,,,,,,,,,,,,,,,,24601,0.4588
"29510107500","14000US29510107500","Census Tract 1075, St. Louis city, Missouri","Census Tract 1075, St. Louis city, Missouri","mo","140","00","ACSSF","0005655",,,,,"29","510",,,,"107500",,,,,,,,,,,,,,,,,,,,,,,,,,,,,,,,,,,,,25662,0.4563
"29510107600","14000US29510107600","Census Tract 1076, St. Louis city, Missouri","Census Tract 1076, St. Louis city, Missouri","mo","140","00","ACSSF","0005656",,,,,"29","510",,,,"107600",,,,,,,,,,,,,,,,,,,,,,,,,,,,,,,,,,,,,20988,0.4729
"29510108100","14000US29510108100","Census Tract 1081, St. Louis city, Missouri","Census Tract 1081, St. Louis city, Missouri","mo","140","00","ACSSF","0005657",,,,,"29","510",,,,"108100",,,,,,,,,,,,,,,,,,,,,,,,,,,,,,,,,,,,,30990,0.5048
"29510108200","14000US29510108200","Census Tract 1082, St. Louis city, Missouri","Census Tract 1082, St. Louis city, Missouri","mo","140","00","ACSSF","0005658",,,,,"29","510",,,,"108200",,,,,,,,,,,,,,,,,,,,,,,,,,,,,,,,,,,,,26422,0.4572
"29510108300","14000US29510108300","Census Tract 1083, St. Louis city, Missouri","Census Tract 1083, St. Louis city, Missouri","mo","140","00","ACSSF","0005659",,,,,"29","510",,,,"108300",,,,,,,,,,,,,,,,,,,,,,,,,,,,,,,,,,,,,33750,0.5032
"29510109600","14000US29510109600","Census Tract 1096, St. Louis city, Missouri","Census Tract 1096, St. Louis city, Missouri","mo","140","00","ACSSF","0005660",,,,,"29","510",,,,"109600",,,,,,,,,,,,,,,,,,,,,,,,,,,,,,,,,,,,,31019,0.4618
"29510109700","14000US29510109700","Census Tract 1097, St. Louis city, Missouri","Census Tract 1097, St. Louis city, Missouri","mo","140","00","ACSSF","0005661",,,,,"29","510",,,,"109700",,,,,,,,,,,,,,,,,,,,,,,,,,,,,,,,,,,,,18482,0.4429
"29510110100","14000US29510110100","Census Tract 1101, St. Louis city, Missouri","Census Tract 1101, St. Louis city, Missouri","mo","140","00","ACSSF","0005662",,,,,"29","510",,,,"110100",,,,,,,,,,,,,,,,,,,,,,,,,,,,,,,,,,,,,25241,0.4499
"29510110200","14000US29510110200","Census Tract 1102, St. Louis city, Missouri","Census Tract 1102, St. Louis city, Missouri","mo","140","00","ACSSF","0005663",,,,,"29","510",,,,"110200",,,,,,,,,,,,,,,,,,,,,,,,,,,,,,,,,,,,,20202,0.4978
"29510110300","14000US29510110300","Census Tract 1103, St. Louis city, Missouri","Census Tract 1103, St. Louis city, Missouri","mo","140","00","ACSSF","0005664",,,,,"29","510",,,,"110300",,,,,,,,,,,,,,,,,,,,,,,,,,,,,,,,,,,,,19728,0.4631
"29510110400","14000US29510110400","Census Tract 1104, St. Louis city, Missouri","Census Tract 1104, St. Louis city, Missouri","mo","140","00","ACSSF","0005665",,,,,"29","510",,,,"110400",,,,,,,,,,,,,,,,,,,,,,,,,,,,,,,,,,,,,19695,0.4823
"29510110500","14000US29510110500","Census Tract 1105, St. Louis city, Missouri","Census Tract 1105, St. Louis city, Missouri","mo","140","00","ACSSF","0005666",,,,,"29","510",,,,"110500",,,,,,,,,,,,,,,,,,,,,,,,,,,,,,,,,,,,,17841,0.4304
"29510111100","14000US29510111100","Census Tract 1111, St. Louis city, Missouri","Census Tract 1111, St. Louis city, Missouri","mo","140","00","ACSSF","0005667",,,,,"29","510",,,,"111100",,,,,,,,,,,,,,,,,,,,,,,,,,,,,,,,,,,,,30417,0.551
"29510111200","14000US29510111200","Census Tract 1112, St. Louis city, Missouri","Census Tract 1112, St. Louis city, Missouri","mo","140","00","ACSSF","0005668",,,,,"29","510",,,,"111200",,,,,,,,,,,,,,,,,,,,,,,,,,,,,,,,,,,,,21316,0.4393
"29510111300","14000US29510111300","Census Tract 1113, St. Louis city, Missouri","Census Tract 1113, St. Louis city, Missouri","mo","140","00","ACSSF","0005669",,,,,"29","510",,,,"111300",,,,,,,,,,,,,,,,,,,,,,,,,,,,,,,,,,,,,21906,0.4691
"29510111400","14000US29510111400","Census Tract 1114, St. Louis city, Missouri","Census Tract 1114, St. Louis city, Missouri","mo","140","00","ACSSF","0005670",,,,,"29","510",,,,"111400",,,,,,,,,,,,,,,,,,,,,,,,,,,,,,,,,,,,,28458,0.4346
"29510111500","14000US29510111500","Census Tract 1115, St. Louis city, Missouri","Census Tract 1115, St. Louis city, Missouri","mo","140","00","ACSSF","0005671",,,,,"29","510",,,,"111500",,,,,,,,,,,,,,,,,,,,,,,,,,,,,,,,,,,,,32786,0.4357
"29510112100","14000US29510112100","Census Tract 1121, St. Louis city, Missouri","Census Tract 1121, St. Louis city, Missouri","mo","140","00","ACSSF","0005672",,,,,"29","510",,,,"112100",,,,,,,,,,,,,,,,,,,,,,,,,,,,,,,,,,,,,55313,0.5773
"29510112200","14000US29510112200","Census Tract 1122, St. Louis city, Missouri","Census Tract 1122, St. Louis city, Missouri","mo","140","00","ACSSF","0005673",,,,,"29","510",,,,"112200",,,,,,,,,,,,,,,,,,,,,,,,,,,,,,,,,,,,,21053,0.5657
"29510112300","14000US29510112300","Census Tract 1123, St. Louis city, Missouri","Census Tract 1123, St. Louis city, Missouri","mo","140","00","ACSSF","0005674",,,,,"29","510",,,,"112300",,,,,,,,,,,,,,,,,,,,,,,,,,,,,,,,,,,,,17484,0.5231
"29510112400","14000US29510112400","Census Tract 1124, St. Louis city, Missouri","Census Tract 1124, St. Louis city, Missouri","mo","140","00","ACSSF","0005675",,,,,"29","510",,,,"112400",,,,,,,,,,,,,,,,,,,,,,,,,,,,,,,,,,,,,54167,0.5987
"29510113500","14000US29510113500","Census Tract 1135, St. Louis city, Missouri","Census Tract 1135, St. Louis city, Missouri","mo","140","00","ACSSF","0005676",,,,,"29","510",,,,"113500",,,,,,,,,,,,,,,,,,,,,,,,,,,,,,,,,,,,,43333,0.4486
"29510114101","14000US29510114101","Census Tract 1141.01, St. Louis city, Missouri","Census Tract 1141.01, St. Louis city, Missouri","mo","140","00","ACSSF","0005677",,,,,"29","510",,,,"114101",,,,,,,,,,,,,,,,,,,,,,,,,,,,,,,,,,,,,41597,0.4535
"29510114102","14000US29510114102","Census Tract 1141.02, St. Louis city, Missouri","Census Tract 1141.02, St. Louis city, Missouri","mo","140","00","ACSSF","0005678",,,,,"29","510",,,,"114102",,,,,,,,,,,,,,,,,,,,,,,,,,,,,,,,,,,,,56993,0.4107
"29510114200","14000US29510114200","Census Tract 1142, St. Louis city, Missouri","Census Tract 1142, St. Louis city, Missouri","mo","140","00","ACSSF","0005679",,,,,"29","510",,,,"114200",,,,,,,,,,,,,,,,,,,,,,,,,,,,,,,,,,,,,50238,0.3938
"29510114300","14000US29510114300","Census Tract 1143, St. Louis city, Missouri","Census Tract 1143, St. Louis city, Missouri","mo","140","00","ACSSF","0005680",,,,,"29","510",,,,"114300",,,,,,,,,,,,,,,,,,,,,,,,,,,,,,,,,,,,,63964,0.4191
"29510115100","14000US29510115100","Census Tract 1151, St. Louis city, Missouri","Census Tract 1151, St. Louis city, Missouri","mo","140","00","ACSSF","0005681",,,,,"29","510",,,,"115100",,,,,,,,,,,,,,,,,,,,,,,,,,,,,,,,,,,,,29215,0.4972
"29510115200","14000US29510115200","Census Tract 1152, St. Louis city, Missouri","Census Tract 1152, St. Louis city, Missouri","mo","140","00","ACSSF","0005682",,,,,"29","510",,,,"115200",,,,,,,,,,,,,,,,,,,,,,,,,,,,,,,,,,,,,28322,0.4361
"29510115300","14000US29510115300","Census Tract 1153, St. Louis city, Missouri","Census Tract 1153, St. Louis city, Missouri","mo","140","00","ACSSF","0005683",,,,,"29","510",,,,"115300",,,,,,,,,,,,,,,,,,,,,,,,,,,,,,,,,,,,,40041,0.4007
"29510115400","14000US29510115400","Census Tract 1154, St. Louis city, Missouri","Census Tract 1154, St. Louis city, Missouri","mo","140","00","ACSSF","0005684",,,,,"29","510",,,,"115400",,,,,,,,,,,,,,,,,,,,,,,,,,,,,,,,,,,,,33942,0.4213
"29510115500","14000US29510115500","Census Tract 1155, St. Louis city, Missouri","Census Tract 1155, St. Louis city, Missouri","mo","140","00","ACSSF","0005685",,,,,"29","510",,,,"115500",,,,,,,,,,,,,,,,,,,,,,,,,,,,,,,,,,,,,22319,0.546
"29510115600","14000US29510115600","Census Tract 1156, St. Louis city, Missouri","Census Tract 1156, St. Louis city, Missouri","mo","140","00","ACSSF","0005686",,,,,"29","510",,,,"115600",,,,,,,,,,,,,,,,,,,,,,,,,,,,,,,,,,,,,20020,0.5306
"29510115700","14000US29510115700","Census Tract 1157, St. Louis city, Missouri","Census Tract 1157, St. Louis city, Missouri","mo","140","00","ACSSF","0005687",,,,,"29","510",,,,"115700",,,,,,,,,,,,,,,,,,,,,,,,,,,,,,,,,,,,,25988,0.4431
"29510116100","14000US29510116100","Census Tract 1161, St. Louis city, Missouri","Census Tract 1161, St. Louis city, Missouri","mo","140","00","ACSSF","0005688",,,,,"29","510",,,,"116100",,,,,,,,,,,,,,,,,,,,,,,,,,,,,,,,,,,,,38125,0.5086
"29510116200","14000US29510116200","Census Tract 1162, St. Louis city, Missouri","Census Tract 1162, St. Louis city, Missouri","mo","140","00","ACSSF","0005689",,,,,"29","510",,,,"116200",,,,,,,,,,,,,,,,,,,,,,,,,,,,,,,,,,,,,52642,0.4416
"29510116301","14000US29510116301","Census Tract 1163.01, St. Louis city, Missouri","Census Tract 1163.01, St. Louis city, Missouri","mo","140","00","ACSSF","0005690",,,,,"29","510",,,,"116301",,,,,,,,,,,,,,,,,,,,,,,,,,,,,,,,,,,,,60938,0.4174
"29510116302","14000US29510116302","Census Tract 1163.02, St. Louis city, Missouri","Census Tract 1163.02, St. Louis city, Missouri","mo","140","00","ACSSF","0005691",,,,,"29","510",,,,"116302",,,,,,,,,,,,,,,,,,,,,,,,,,,,,,,,,,,,,25445,0.4667
"29510116400","14000US29510116400","Census Tract 1164, St. Louis city, Missouri","Census Tract 1164, St. Louis city, Missouri","mo","140","00","ACSSF","0005692",,,,,"29","510",,,,"116400",,,,,,,,,,,,,,,,,,,,,,,,,,,,,,,,,,,,,22472,0.4571
"29510116500","14000US29510116500","Census Tract 1165, St. Louis city, Missouri","Census Tract 1165, St. Louis city, Missouri","mo","140","00","ACSSF","0005693",,,,,"29","510",,,,"116500",,,,,,,,,,,,,,,,,,,,,,,,,,,,,,,,,,,,,39299,0.462
"29510117100","14000US29510117100","Census Tract 1171, St. Louis city, Missouri","Census Tract 1171, St. Louis city, Missouri","mo","140","00","ACSSF","0005694",,,,,"29","510",,,,"117100",,,,,,,,,,,,,,,,,,,,,,,,,,,,,,,,,,,,,40137,0.3484
"29510117200","14000US29510117200","Census Tract 1172, St. Louis city, Missouri","Census Tract 1172, St. Louis city, Missouri","mo","140","00","ACSSF","0005695",,,,,"29","510",,,,"117200",,,,,,,,,,,,,,,,,,,,,,,,,,,,,,,,,,,,,54441,0.4787
"29510117400","14000US29510117400","Census Tract 1174, St. Louis city, Missouri","Census Tract 1174, St. Louis city, Missouri","mo","140","00","ACSSF","0005696",,,,,"29","510",,,,"117400",,,,,,,,,,,,,,,,,,,,,,,,,,,,,,,,,,,,,48715,0.5139
"29510118100","14000US29510118100","Census Tract 1181, St. Louis city, Missouri","Census Tract 1181, St. Louis city, Missouri","mo","140","00","ACSSF","0005697",,,,,"29","510",,,,"118100",,,,,,,,,,,,,,,,,,,,,,,,,,,,,,,,,,,,,31994,0.526
"29510118400","14000US29510118400","Census Tract 1184, St. Louis city, Missouri","Census Tract 1184, St. Louis city, Missouri","mo","140","00","ACSSF","0005698",,,,,"29","510",,,,"118400",,,,,,,,,,,,,,,,,,,,,,,,,,,,,,,,,,,,,9963,0.4481
"29510118600","14000US29510118600","Census Tract 1186, St. Louis city, Missouri","Census Tract 1186, St. Louis city, Missouri","mo","140","00","ACSSF","0005699",,,,,"29","510",,,,"118600",,,,,,,,,,,,,,,,,,,,,,,,,,,,,,,,,,,,,39211,0.4988
"29510119101","14000US29510119101","Census Tract 1191.01, St. Louis city, Missouri","Census Tract 1191.01, St. Louis city, Missouri","mo","140","00","ACSSF","0005700",,,,,"29","510",,,,"119101",,,,,,,,,,,,,,,,,,,,,,,,,,,,,,,,,,,,,37188,0.586
"29510119102","14000US29510119102","Census Tract 1191.02, St. Louis city, Missouri","Census Tract 1191.02, St. Louis city, Missouri","mo","140","00","ACSSF","0005701",,,,,"29","510",,,,"119102",,,,,,,,,,,,,,,,,,,,,,,,,,,,,,,,,,,,,40959,0.5517
"29510119200","14000US29510119200","Census Tract 1192, St. Louis city, Missouri","Census Tract 1192, St. Louis city, Missouri","mo","140","00","ACSSF","0005702",,,,,"29","510",,,,"119200",,,,,,,,,,,,,,,,,,,,,,,,,,,,,,,,,,,,,39107,0.5769
"29510119300","14000US29510119300","Census Tract 1193, St. Louis city, Missouri","Census Tract 1193, St. Louis city, Missouri","mo","140","00","ACSSF","0005703",,,,,"29","510",,,,"119300",,,,,,,,,,,,,,,,,,,,,,,,,,,,,,,,,,,,,17979,0.6655
"29510120200","14000US29510120200","Census Tract 1202, St. Louis city, Missouri","Census Tract 1202, St. Louis city, Missouri","mo","140","00","ACSSF","0005704",,,,,"29","510",,,,"120200",,,,,,,,,,,,,,,,,,,,,,,,,,,,,,,,,,,,,14435,0.5138
"29510121100","14000US29510121100","Census Tract 1211, St. Louis city, Missouri","Census Tract 1211, St. Louis city, Missouri","mo","140","00","ACSSF","0005705",,,,,"29","510",,,,"121100",,,,,,,,,,,,,,,,,,,,,,,,,,,,,,,,,,,,,16367,0.503
"29510121200","14000US29510121200","Census Tract 1212, St. Louis city, Missouri","Census Tract 1212, St. Louis city, Missouri","mo","140","00","ACSSF","0005706",,,,,"29","510",,,,"121200",,,,,,,,,,,,,,,,,,,,,,,,,,,,,,,,,,,,,13102,0.5475
"29510123100","14000US29510123100","Census Tract 1231, St. Louis city, Missouri","Census Tract 1231, St. Louis city, Missouri","mo","140","00","ACSSF","0005707",,,,,"29","510",,,,"123100",,,,,,,,,,,,,,,,,,,,,,,,,,,,,,,,,,,,,46883,0.4662
"29510123200","14000US29510123200","Census Tract 1232, St. Louis city, Missouri","Census Tract 1232, St. Louis city, Missouri","mo","140","00","ACSSF","0005708",,,,,"29","510",,,,"123200",,,,,,,,,,,,,,,,,,,,,,,,,,,,,,,,,,,,,55729,0.4836
"29510123300","14000US29510123300","Census Tract 1233, St. Louis city, Missouri","Census Tract 1233, St. Louis city, Missouri","mo","140","00","ACSSF","0005709",,,,,"29","510",,,,"123300",,,,,,,,,,,,,,,,,,,,,,,,,,,,,,,,,,,,,54766,0.4276
"29510124100","14000US29510124100","Census Tract 1241, St. Louis city, Missouri","Census Tract 1241, St. Louis city, Missouri","mo","140","00","ACSSF","0005710",,,,,"29","510",,,,"124100",,,,,,,,,,,,,,,,,,,,,,,,,,,,,,,,,,,,,23077,0.5036
"29510124200","14000US29510124200","Census Tract 1242, St. Louis city, Missouri","Census Tract 1242, St. Louis city, Missouri","mo","140","00","ACSSF","0005711",,,,,"29","510",,,,"124200",,,,,,,,,,,,,,,,,,,,,,,,,,,,,,,,,,,,,26838,0.489
"29510124300","14000US29510124300","Census Tract 1243, St. Louis city, Missouri","Census Tract 1243, St. Louis city, Missouri","mo","140","00","ACSSF","0005712",,,,,"29","510",,,,"124300",,,,,,,,,,,,,,,,,,,,,,,,,,,,,,,,,,,,,53464,0.5208
"29510124600","14000US29510124600","Census Tract 1246, St. Louis city, Missouri","Census Tract 1246, St. Louis city, Missouri","mo","140","00","ACSSF","0005713",,,,,"29","510",,,,"124600",,,,,,,,,,,,,,,,,,,,,,,,,,,,,,,,,,,,,15667,0.5303
"29510125500","14000US29510125500","Census Tract 1255, St. Louis city, Missouri","Census Tract 1255, St. Louis city, Missouri","mo","140","00","ACSSF","0005714",,,,,"29","510",,,,"125500",,,,,,,,,,,,,,,,,,,,,,,,,,,,,,,,,,,,,57050,0.5635
"29510125600","14000US29510125600","Census Tract 1256, St. Louis city, Missouri","Census Tract 1256, St. Louis city, Missouri","mo","140","00","ACSSF","0005715",,,,,"29","510",,,,"125600",,,,,,,,,,,,,,,,,,,,,,,,,,,,,,,,,,,,,54042,0.4621
"29510125700","14000US29510125700","Census Tract 1257, St. Louis city, Missouri","Census Tract 1257, St. Louis city, Missouri","mo","140","00","ACSSF","0005716",,,,,"29","510",,,,"125700",,,,,,,,,,,,,,,,,,,,,,,,,,,,,,,,,,,,,11997,0.5477
"29510126600","14000US29510126600","Census Tract 1266, St. Louis city, Missouri","Census Tract 1266, St. Louis city, Missouri","mo","140","00","ACSSF","0005717",,,,,"29","510",,,,"126600",,,,,,,,,,,,,,,,,,,,,,,,,,,,,,,,,,,,,22521,0.5078
"29510126700","14000US29510126700","Census Tract 1267, St. Louis city, Missouri","Census Tract 1267, St. Louis city, Missouri","mo","140","00","ACSSF","0005718",,,,,"29","510",,,,"126700",,,,,,,,,,,,,,,,,,,,,,,,,,,,,,,,,,,,,18700,0.47
"29510126800","14000US29510126800","Census Tract 1268, St. Louis city, Missouri","Census Tract 1268, St. Louis city, Missouri","mo","140","00","ACSSF","0005719",,,,,"29","510",,,,"126800",,,,,,,,,,,,,,,,,,,,,,,,,,,,,,,,,,,,,50603,0.3807
"29510126900","14000US29510126900","Census Tract 1269, St. Louis city, Missouri","Census Tract 1269, St. Louis city, Missouri","mo","140","00","ACSSF","0005720",,,,,"29","510",,,,"126900",,,,,,,,,,,,,,,,,,,,,,,,,,,,,,,,,,,,,26580,0.4082
"29510127000","14000US29510127000","Census Tract 1270, St. Louis city, Missouri","Census Tract 1270, St. Louis city, Missouri","mo","140","00","ACSSF","0005721",,,,,"29","510",,,,"127000",,,,,,,,,,,,,,,,,,,,,,,,,,,,,,,,,,,,,27500,0.4136
"29510127100","14000US29510127100","Census Tract 1271, St. Louis city, Missouri","Census Tract 1271, St. Louis city, Missouri","mo","140","00","ACSSF","0005722",,,,,"29","510",,,,"127100",,,,,,,,,,,,,,,,,,,,,,,,,,,,,,,,,,,,,20106,0.4441
"29510127200","14000US29510127200","Census Tract 1272, St. Louis city, Missouri","Census Tract 1272, St. Louis city, Missouri","mo","140","00","ACSSF","0005723",,,,,"29","510",,,,"127200",,,,,,,,,,,,,,,,,,,,,,,,,,,,,,,,,,,,,40502,0.4936
"29510127300","14000US29510127300","Census Tract 1273, St. Louis city, Missouri","Census Tract 1273, St. Louis city, Missouri","mo","140","00","ACSSF","0005724",,,,,"29","510",,,,"127300",,,,,,,,,,,,,,,,,,,,,,,,,,,,,,,,,,,,,31719,0.5574
"29510127400","14000US29510127400","Census Tract 1274, St. Louis city, Missouri","Census Tract 1274, St. Louis city, Missouri","mo","140","00","ACSSF","0005725",,,,,"29","510",,,,"127400",,,,,,,,,,,,,,,,,,,,,,,,,,,,,,,,,,,,,34893,0.5937
"29510127500","14000US29510127500","Census Tract 1275, St. Louis city, Missouri","Census Tract 1275, St. Louis city, Missouri","mo","140","00","ACSSF","0005726",,,,,"29","510",,,,"127500",,,,,,,,,,,,,,,,,,,,,,,,,,,,,,,,,,,,,27071,0.4483
"29510127600","14000US29510127600","Census Tract 1276, St. Louis city, Missouri","Census Tract 1276, St. Louis city, Missouri","mo","140","00","ACSSF","0005727",,,,,"29","510",,,,"127600",,,,,,,,,,,,,,,,,,,,,,,,,,,,,,,,,,,,,51195,0.4546
